<?xml version="1.0" encoding="UTF-8"?>
<robot generated="20170311 10:35:07.311" generator="Robot 3.0 (Python 2.7.12 on win32)">
<suite source="C:\development\robot-scripts\data-driven-builtin\tests\Cars.robot" id="s1" name="Cars">
<test id="s1-t1" name="Invalid login scenarios should display correct error messages">
<kw type="setup" name="Begin Web Test" library="Common">
<kw name="Open Browser" library="Selenium2Library">
<doc>Opens a new browser instance to given URL.</doc>
<arguments>
<arg>about:blank</arg>
<arg>${BROWSER}</arg>
</arguments>
<msg timestamp="20170311 10:35:08.977" level="INFO">Opening browser 'ie' to base url 'about:blank'</msg>
<status status="PASS" endtime="20170311 10:35:10.309" starttime="20170311 10:35:08.977"></status>
</kw>
<status status="PASS" endtime="20170311 10:35:10.309" starttime="20170311 10:35:08.977"></status>
</kw>
<kw name="Test Multiple Login Scenarios" library="CarsApp">
<arguments>
<arg>${UNREGISTERED_USER}</arg>
</arguments>
<kw name="Navigate to Sign In Page" library="CarsApp">
<kw name="Navigate To" library="SignIn">
<kw name="Catenate" library="BuiltIn">
<doc>Catenates the given items together and returns the resulted string.</doc>
<arguments>
<arg>SEPARATOR=/</arg>
<arg>${BASE_URL.${ENVIRONMENT}}</arg>
<arg>${LOGIN_URL}</arg>
</arguments>
<assign>
<var>${SignInUrl}</var>
</assign>
<msg timestamp="20170311 10:35:10.309" level="INFO">${SignInUrl} = https://www.cars.com//profile/secure/login</msg>
<status status="PASS" endtime="20170311 10:35:10.309" starttime="20170311 10:35:10.309"></status>
</kw>
<kw name="Go To" library="Selenium2Library">
<doc>Navigates the active browser instance to the provided URL.</doc>
<arguments>
<arg>${SignInUrl}</arg>
</arguments>
<msg timestamp="20170311 10:35:10.309" level="INFO">Opening url 'https://www.cars.com//profile/secure/login'</msg>
<status status="PASS" endtime="20170311 10:35:15.723" starttime="20170311 10:35:10.309"></status>
</kw>
<status status="PASS" endtime="20170311 10:35:15.723" starttime="20170311 10:35:10.309"></status>
</kw>
<status status="PASS" endtime="20170311 10:35:15.723" starttime="20170311 10:35:10.309"></status>
</kw>
<kw name="Attempt Login" library="CarsApp">
<arguments>
<arg>${Credentials}</arg>
</arguments>
<kw name="Enter Credentials" library="SignIn">
<arguments>
<arg>${Credentials}</arg>
</arguments>
<kw name="Run Keyword Unless" library="BuiltIn">
<doc>Runs the given keyword with the given arguments, if ``condition`` is false.</doc>
<arguments>
<arg>'${Credentials.Email}' == '#BLANK'</arg>
<arg>Input Text</arg>
<arg>${SIGN_IN_EMAIL}</arg>
<arg>${Credentials.Email}</arg>
</arguments>
<kw name="Input Text" library="Selenium2Library">
<doc>Types the given `text` into text field identified by `locator`.</doc>
<arguments>
<arg>${SIGN_IN_EMAIL}</arg>
<arg>${Credentials.Email}</arg>
</arguments>
<msg timestamp="20170311 10:35:15.723" level="INFO">Typing text 'admin@robotframeworktutorial.com' into text field 'xpath=//cui-input[@options='email']/div/input'</msg>
<status status="PASS" endtime="20170311 10:35:16.413" starttime="20170311 10:35:15.723"></status>
</kw>
<status status="PASS" endtime="20170311 10:35:16.413" starttime="20170311 10:35:15.723"></status>
</kw>
<kw name="Run Keyword Unless" library="BuiltIn">
<doc>Runs the given keyword with the given arguments, if ``condition`` is false.</doc>
<arguments>
<arg>'${Credentials.Password}' == '#BLANK'</arg>
<arg>Input Text</arg>
<arg>${SIGN_IN_PASSWORD}</arg>
<arg>${Credentials.Password}</arg>
</arguments>
<kw name="Input Text" library="Selenium2Library">
<doc>Types the given `text` into text field identified by `locator`.</doc>
<arguments>
<arg>${SIGN_IN_PASSWORD}</arg>
<arg>${Credentials.Password}</arg>
</arguments>
<msg timestamp="20170311 10:35:16.418" level="INFO">Typing text 'TestPassword!' into text field 'xpath=//cui-input[@options='loginPassword']/div/input'</msg>
<status status="PASS" endtime="20170311 10:35:17.048" starttime="20170311 10:35:16.416"></status>
</kw>
<status status="PASS" endtime="20170311 10:35:17.048" starttime="20170311 10:35:16.416"></status>
</kw>
<status status="PASS" endtime="20170311 10:35:17.048" starttime="20170311 10:35:15.723"></status>
</kw>
<kw name="Click Submit" library="SignIn">
<kw name="Click Button" library="Selenium2Library">
<doc>Clicks a button identified by `locator`.</doc>
<arguments>
<arg>${LOGIN_SUBMIT_BUTTON}</arg>
</arguments>
<msg timestamp="20170311 10:35:17.048" level="INFO">Clicking button 'xpath=//button[@name='&amp;lid=Log In']'.</msg>
<status status="PASS" endtime="20170311 10:35:18.427" starttime="20170311 10:35:17.048"></status>
</kw>
<status status="PASS" endtime="20170311 10:35:18.427" starttime="20170311 10:35:17.048"></status>
</kw>
<kw name="Sleep" library="BuiltIn">
<doc>Pauses the test executed for the given time.</doc>
<arguments>
<arg>1s</arg>
</arguments>
<msg timestamp="20170311 10:35:19.430" level="INFO">Slept 1 second</msg>
<status status="PASS" endtime="20170311 10:35:19.430" starttime="20170311 10:35:18.427"></status>
</kw>
<status status="PASS" endtime="20170311 10:35:19.430" starttime="20170311 10:35:15.723"></status>
</kw>
<kw name="Verify Login Page Error Message" library="CarsApp">
<arguments>
<arg>${Credentials.ExpectedErrorMessage}</arg>
</arguments>
<kw name="Verify Error Message" library="SignIn">
<arguments>
<arg>${ExpectedErrorMessage}</arg>
</arguments>
<kw name="Page Should Contain" library="Selenium2Library">
<doc>Verifies that current page contains `text`.</doc>
<arguments>
<arg>${ExpectedErrorMessage}</arg>
</arguments>
<msg timestamp="20170311 10:35:19.540" level="INFO">Current page contains text 'You haven't signed up yet. Try a different email address or'.</msg>
<status status="PASS" endtime="20170311 10:35:19.540" starttime="20170311 10:35:19.430"></status>
</kw>
<status status="PASS" endtime="20170311 10:35:19.540" starttime="20170311 10:35:19.430"></status>
</kw>
<status status="PASS" endtime="20170311 10:35:19.540" starttime="20170311 10:35:19.430"></status>
</kw>
<status status="PASS" endtime="20170311 10:35:19.540" starttime="20170311 10:35:10.309"></status>
</kw>
<kw name="Test Multiple Login Scenarios" library="CarsApp">
<arguments>
<arg>${INVALID_PASSWORD_USER}</arg>
</arguments>
<kw name="Navigate to Sign In Page" library="CarsApp">
<kw name="Navigate To" library="SignIn">
<kw name="Catenate" library="BuiltIn">
<doc>Catenates the given items together and returns the resulted string.</doc>
<arguments>
<arg>SEPARATOR=/</arg>
<arg>${BASE_URL.${ENVIRONMENT}}</arg>
<arg>${LOGIN_URL}</arg>
</arguments>
<assign>
<var>${SignInUrl}</var>
</assign>
<msg timestamp="20170311 10:35:19.545" level="INFO">${SignInUrl} = https://www.cars.com//profile/secure/login</msg>
<status status="PASS" endtime="20170311 10:35:19.545" starttime="20170311 10:35:19.540"></status>
</kw>
<kw name="Go To" library="Selenium2Library">
<doc>Navigates the active browser instance to the provided URL.</doc>
<arguments>
<arg>${SignInUrl}</arg>
</arguments>
<msg timestamp="20170311 10:35:19.545" level="INFO">Opening url 'https://www.cars.com//profile/secure/login'</msg>
<status status="PASS" endtime="20170311 10:35:22.983" starttime="20170311 10:35:19.545"></status>
</kw>
<status status="PASS" endtime="20170311 10:35:22.983" starttime="20170311 10:35:19.540"></status>
</kw>
<status status="PASS" endtime="20170311 10:35:22.983" starttime="20170311 10:35:19.540"></status>
</kw>
<kw name="Attempt Login" library="CarsApp">
<arguments>
<arg>${Credentials}</arg>
</arguments>
<kw name="Enter Credentials" library="SignIn">
<arguments>
<arg>${Credentials}</arg>
</arguments>
<kw name="Run Keyword Unless" library="BuiltIn">
<doc>Runs the given keyword with the given arguments, if ``condition`` is false.</doc>
<arguments>
<arg>'${Credentials.Email}' == '#BLANK'</arg>
<arg>Input Text</arg>
<arg>${SIGN_IN_EMAIL}</arg>
<arg>${Credentials.Email}</arg>
</arguments>
<kw name="Input Text" library="Selenium2Library">
<doc>Types the given `text` into text field identified by `locator`.</doc>
<arguments>
<arg>${SIGN_IN_EMAIL}</arg>
<arg>${Credentials.Email}</arg>
</arguments>
<msg timestamp="20170311 10:35:22.986" level="INFO">Typing text 'bryan@bryanlamb.com' into text field 'xpath=//cui-input[@options='email']/div/input'</msg>
<status status="PASS" endtime="20170311 10:35:23.518" starttime="20170311 10:35:22.986"></status>
</kw>
<status status="PASS" endtime="20170311 10:35:23.518" starttime="20170311 10:35:22.986"></status>
</kw>
<kw name="Run Keyword Unless" library="BuiltIn">
<doc>Runs the given keyword with the given arguments, if ``condition`` is false.</doc>
<arguments>
<arg>'${Credentials.Password}' == '#BLANK'</arg>
<arg>Input Text</arg>
<arg>${SIGN_IN_PASSWORD}</arg>
<arg>${Credentials.Password}</arg>
</arguments>
<kw name="Input Text" library="Selenium2Library">
<doc>Types the given `text` into text field identified by `locator`.</doc>
<arguments>
<arg>${SIGN_IN_PASSWORD}</arg>
<arg>${Credentials.Password}</arg>
</arguments>
<msg timestamp="20170311 10:35:23.518" level="INFO">Typing text 'TestPassword!' into text field 'xpath=//cui-input[@options='loginPassword']/div/input'</msg>
<status status="PASS" endtime="20170311 10:35:24.165" starttime="20170311 10:35:23.518"></status>
</kw>
<status status="PASS" endtime="20170311 10:35:24.165" starttime="20170311 10:35:23.518"></status>
</kw>
<status status="PASS" endtime="20170311 10:35:24.165" starttime="20170311 10:35:22.983"></status>
</kw>
<kw name="Click Submit" library="SignIn">
<kw name="Click Button" library="Selenium2Library">
<doc>Clicks a button identified by `locator`.</doc>
<arguments>
<arg>${LOGIN_SUBMIT_BUTTON}</arg>
</arguments>
<msg timestamp="20170311 10:35:24.165" level="INFO">Clicking button 'xpath=//button[@name='&amp;lid=Log In']'.</msg>
<status status="PASS" endtime="20170311 10:35:24.663" starttime="20170311 10:35:24.165"></status>
</kw>
<status status="PASS" endtime="20170311 10:35:24.664" starttime="20170311 10:35:24.165"></status>
</kw>
<kw name="Sleep" library="BuiltIn">
<doc>Pauses the test executed for the given time.</doc>
<arguments>
<arg>1s</arg>
</arguments>
<msg timestamp="20170311 10:35:25.667" level="INFO">Slept 1 second</msg>
<status status="PASS" endtime="20170311 10:35:25.667" starttime="20170311 10:35:24.664"></status>
</kw>
<status status="PASS" endtime="20170311 10:35:25.667" starttime="20170311 10:35:22.983"></status>
</kw>
<kw name="Verify Login Page Error Message" library="CarsApp">
<arguments>
<arg>${Credentials.ExpectedErrorMessage}</arg>
</arguments>
<kw name="Verify Error Message" library="SignIn">
<arguments>
<arg>${ExpectedErrorMessage}</arg>
</arguments>
<kw name="Page Should Contain" library="Selenium2Library">
<doc>Verifies that current page contains `text`.</doc>
<arguments>
<arg>${ExpectedErrorMessage}</arg>
</arguments>
<msg timestamp="20170311 10:35:25.824" level="INFO">Current page contains text 'Please double check your password. It should be 6 or more characters with no spaces. If you don't remember it, you can'.</msg>
<status status="PASS" endtime="20170311 10:35:25.824" starttime="20170311 10:35:25.667"></status>
</kw>
<status status="PASS" endtime="20170311 10:35:25.824" starttime="20170311 10:35:25.667"></status>
</kw>
<status status="PASS" endtime="20170311 10:35:25.824" starttime="20170311 10:35:25.667"></status>
</kw>
<status status="PASS" endtime="20170311 10:35:25.824" starttime="20170311 10:35:19.540"></status>
</kw>
<kw name="Test Multiple Login Scenarios" library="CarsApp">
<arguments>
<arg>${BLANK_CREDENTIALS_USER}</arg>
</arguments>
<kw name="Navigate to Sign In Page" library="CarsApp">
<kw name="Navigate To" library="SignIn">
<kw name="Catenate" library="BuiltIn">
<doc>Catenates the given items together and returns the resulted string.</doc>
<arguments>
<arg>SEPARATOR=/</arg>
<arg>${BASE_URL.${ENVIRONMENT}}</arg>
<arg>${LOGIN_URL}</arg>
</arguments>
<assign>
<var>${SignInUrl}</var>
</assign>
<msg timestamp="20170311 10:35:25.824" level="INFO">${SignInUrl} = https://www.cars.com//profile/secure/login</msg>
<status status="PASS" endtime="20170311 10:35:25.824" starttime="20170311 10:35:25.824"></status>
</kw>
<kw name="Go To" library="Selenium2Library">
<doc>Navigates the active browser instance to the provided URL.</doc>
<arguments>
<arg>${SignInUrl}</arg>
</arguments>
<msg timestamp="20170311 10:35:25.824" level="INFO">Opening url 'https://www.cars.com//profile/secure/login'</msg>
<status status="PASS" endtime="20170311 10:35:29.319" starttime="20170311 10:35:25.824"></status>
</kw>
<status status="PASS" endtime="20170311 10:35:29.319" starttime="20170311 10:35:25.824"></status>
</kw>
<status status="PASS" endtime="20170311 10:35:29.319" starttime="20170311 10:35:25.824"></status>
</kw>
<kw name="Attempt Login" library="CarsApp">
<arguments>
<arg>${Credentials}</arg>
</arguments>
<kw name="Enter Credentials" library="SignIn">
<arguments>
<arg>${Credentials}</arg>
</arguments>
<kw name="Run Keyword Unless" library="BuiltIn">
<doc>Runs the given keyword with the given arguments, if ``condition`` is false.</doc>
<arguments>
<arg>'${Credentials.Email}' == '#BLANK'</arg>
<arg>Input Text</arg>
<arg>${SIGN_IN_EMAIL}</arg>
<arg>${Credentials.Email}</arg>
</arguments>
<status status="PASS" endtime="20170311 10:35:29.319" starttime="20170311 10:35:29.319"></status>
</kw>
<kw name="Run Keyword Unless" library="BuiltIn">
<doc>Runs the given keyword with the given arguments, if ``condition`` is false.</doc>
<arguments>
<arg>'${Credentials.Password}' == '#BLANK'</arg>
<arg>Input Text</arg>
<arg>${SIGN_IN_PASSWORD}</arg>
<arg>${Credentials.Password}</arg>
</arguments>
<status status="PASS" endtime="20170311 10:35:29.324" starttime="20170311 10:35:29.319"></status>
</kw>
<status status="PASS" endtime="20170311 10:35:29.324" starttime="20170311 10:35:29.319"></status>
</kw>
<kw name="Click Submit" library="SignIn">
<kw name="Click Button" library="Selenium2Library">
<doc>Clicks a button identified by `locator`.</doc>
<arguments>
<arg>${LOGIN_SUBMIT_BUTTON}</arg>
</arguments>
<msg timestamp="20170311 10:35:29.324" level="INFO">Clicking button 'xpath=//button[@name='&amp;lid=Log In']'.</msg>
<status status="PASS" endtime="20170311 10:35:30.199" starttime="20170311 10:35:29.324"></status>
</kw>
<status status="PASS" endtime="20170311 10:35:30.199" starttime="20170311 10:35:29.324"></status>
</kw>
<kw name="Sleep" library="BuiltIn">
<doc>Pauses the test executed for the given time.</doc>
<arguments>
<arg>1s</arg>
</arguments>
<msg timestamp="20170311 10:35:31.201" level="INFO">Slept 1 second</msg>
<status status="PASS" endtime="20170311 10:35:31.201" starttime="20170311 10:35:30.199"></status>
</kw>
<status status="PASS" endtime="20170311 10:35:31.201" starttime="20170311 10:35:29.319"></status>
</kw>
<kw name="Verify Login Page Error Message" library="CarsApp">
<arguments>
<arg>${Credentials.ExpectedErrorMessage}</arg>
</arguments>
<kw name="Verify Error Message" library="SignIn">
<arguments>
<arg>${ExpectedErrorMessage}</arg>
</arguments>
<kw name="Page Should Contain" library="Selenium2Library">
<doc>Verifies that current page contains `text`.</doc>
<arguments>
<arg>${ExpectedErrorMessage}</arg>
</arguments>
<msg timestamp="20170311 10:35:31.295" level="INFO">Current page contains text 'Please enter your email address and password.'.</msg>
<status status="PASS" endtime="20170311 10:35:31.295" starttime="20170311 10:35:31.201"></status>
</kw>
<status status="PASS" endtime="20170311 10:35:31.295" starttime="20170311 10:35:31.201"></status>
</kw>
<status status="PASS" endtime="20170311 10:35:31.295" starttime="20170311 10:35:31.201"></status>
</kw>
<status status="PASS" endtime="20170311 10:35:31.295" starttime="20170311 10:35:25.824"></status>
</kw>
<kw type="teardown" name="End Web Test" library="Common">
<kw name="Close All Browsers" library="Selenium2Library">
<doc>Closes all open browsers and resets the browser cache.</doc>
<status status="PASS" endtime="20170311 10:35:35.320" starttime="20170311 10:35:31.295"></status>
</kw>
<status status="PASS" endtime="20170311 10:35:35.320" starttime="20170311 10:35:31.295"></status>
</kw>
<status status="PASS" endtime="20170311 10:35:35.320" critical="yes" starttime="20170311 10:35:08.977"></status>
</test>
<doc>Demonstrate a need for data-driven testing</doc>
<status status="PASS" endtime="20170311 10:35:35.325" starttime="20170311 10:35:07.316"></status>
</suite>
<statistics>
<total>
<stat fail="0" pass="1">Critical Tests</stat>
<stat fail="0" pass="1">All Tests</stat>
</total>
<tag>
</tag>
<suite>
<stat fail="0" id="s1" name="Cars" pass="1">Cars</stat>
</suite>
</statistics>
<errors>
</errors>
</robot>
