<?xml version="1.0" encoding="UTF-8"?>
<robot generated="20170904 21:11:18.619" generator="Robot 3.0.2 (Python 2.7.13 on win32)">
<suite source="C:\development\robot-scripts\front-office-3\tests\Front_Office.robot" id="s1" name="Front Office">
<test id="s1-t1" name="Should be able to access &quot;Team&quot; page">
<kw type="setup" name="Begin Web Test" library="CommonWeb">
<kw name="Open Browser" library="Selenium2Library">
<doc>Opens a new browser instance to given URL.</doc>
<arguments>
<arg>about:blank</arg>
<arg>${BROWSER}</arg>
</arguments>
<msg timestamp="20170904 21:11:18.731" level="INFO">Opening browser 'edge' to base url 'about:blank'</msg>
<status status="PASS" endtime="20170904 21:11:19.974" starttime="20170904 21:11:18.731"></status>
</kw>
<status status="PASS" endtime="20170904 21:11:19.975" starttime="20170904 21:11:18.730"></status>
</kw>
<kw name="Go to Landing Page" library="FrontOfficeApp">
<kw name="Navigate To" library="Landing">
<kw name="Go To" library="Selenium2Library">
<doc>Navigates the active browser instance to the provided URL.</doc>
<arguments>
<arg>${URL}</arg>
</arguments>
<msg timestamp="20170904 21:11:19.997" level="INFO">Opening url 'http://www.robotframeworktutorial.com/front-office'</msg>
<status status="PASS" endtime="20170904 21:11:20.840" starttime="20170904 21:11:19.997"></status>
</kw>
<status status="PASS" endtime="20170904 21:11:20.840" starttime="20170904 21:11:19.996"></status>
</kw>
<kw name="Verify Page Loaded" library="Landing">
<kw name="Wait Until Page Contains Element" library="Selenium2Library">
<doc>Waits until element specified with `locator` appears on current page.</doc>
<arguments>
<arg>${LANDING_NAVIGATION_ELEMENT}</arg>
</arguments>
<status status="PASS" endtime="20170904 21:11:20.857" starttime="20170904 21:11:20.841"></status>
</kw>
<status status="PASS" endtime="20170904 21:11:20.858" starttime="20170904 21:11:20.840"></status>
</kw>
<status status="PASS" endtime="20170904 21:11:20.858" starttime="20170904 21:11:19.996"></status>
</kw>
<kw name="Go to &quot;Team&quot; Page" library="FrontOfficeApp">
<kw name="Select &quot;Team&quot; Page" library="TopNav">
<kw name="Click Element" library="Selenium2Library">
<doc>Click element identified by `locator`.</doc>
<arguments>
<arg>${TOP_NAV_TEAM_LINK}</arg>
</arguments>
<msg timestamp="20170904 21:11:20.859" level="INFO">Clicking element 'css=#bs-example-navbar-collapse-1 &gt; ul &gt; li:nth-child(5) &gt; a'.</msg>
<status status="PASS" endtime="20170904 21:11:20.880" starttime="20170904 21:11:20.859"></status>
</kw>
<kw name="Sleep" library="BuiltIn">
<doc>Pauses the test executed for the given time.</doc>
<arguments>
<arg>3s</arg>
</arguments>
<msg timestamp="20170904 21:11:23.881" level="INFO">Slept 3 seconds</msg>
<status status="PASS" endtime="20170904 21:11:23.881" starttime="20170904 21:11:20.880"></status>
</kw>
<status status="PASS" endtime="20170904 21:11:23.881" starttime="20170904 21:11:20.859"></status>
</kw>
<kw name="Verify Page Loaded" library="Team">
<kw name="Wait Until Page Contains Element" library="Selenium2Library">
<doc>Waits until element specified with `locator` appears on current page.</doc>
<arguments>
<arg>${TEAM_HEADER_LABEL}</arg>
</arguments>
<status status="PASS" endtime="20170904 21:11:23.885" starttime="20170904 21:11:23.881"></status>
</kw>
<status status="PASS" endtime="20170904 21:11:23.885" starttime="20170904 21:11:23.881"></status>
</kw>
<status status="PASS" endtime="20170904 21:11:23.885" starttime="20170904 21:11:20.858"></status>
</kw>
<kw type="teardown" name="End Web Test" library="CommonWeb">
<kw name="Close All Browsers" library="Selenium2Library">
<doc>Closes all open browsers and resets the browser cache.</doc>
<status status="PASS" endtime="20170904 21:11:27.986" starttime="20170904 21:11:23.886"></status>
</kw>
<status status="PASS" endtime="20170904 21:11:27.986" starttime="20170904 21:11:23.886"></status>
</kw>
<doc>This is test 1</doc>
<tags>
<tag>test1</tag>
</tags>
<status status="PASS" endtime="20170904 21:11:27.986" critical="yes" starttime="20170904 21:11:18.730"></status>
</test>
<test id="s1-t2" name="&quot;Team&quot; page should match requirements">
<kw type="setup" name="Begin Web Test" library="CommonWeb">
<kw name="Open Browser" library="Selenium2Library">
<doc>Opens a new browser instance to given URL.</doc>
<arguments>
<arg>about:blank</arg>
<arg>${BROWSER}</arg>
</arguments>
<msg timestamp="20170904 21:11:27.988" level="INFO">Opening browser 'edge' to base url 'about:blank'</msg>
<status status="PASS" endtime="20170904 21:11:29.158" starttime="20170904 21:11:27.988"></status>
</kw>
<status status="PASS" endtime="20170904 21:11:29.158" starttime="20170904 21:11:27.988"></status>
</kw>
<kw name="Go to Landing Page" library="FrontOfficeApp">
<kw name="Navigate To" library="Landing">
<kw name="Go To" library="Selenium2Library">
<doc>Navigates the active browser instance to the provided URL.</doc>
<arguments>
<arg>${URL}</arg>
</arguments>
<msg timestamp="20170904 21:11:29.161" level="INFO">Opening url 'http://www.robotframeworktutorial.com/front-office'</msg>
<status status="PASS" endtime="20170904 21:11:29.479" starttime="20170904 21:11:29.160"></status>
</kw>
<status status="PASS" endtime="20170904 21:11:29.480" starttime="20170904 21:11:29.159"></status>
</kw>
<kw name="Verify Page Loaded" library="Landing">
<kw name="Wait Until Page Contains Element" library="Selenium2Library">
<doc>Waits until element specified with `locator` appears on current page.</doc>
<arguments>
<arg>${LANDING_NAVIGATION_ELEMENT}</arg>
</arguments>
<status status="PASS" endtime="20170904 21:11:29.485" starttime="20170904 21:11:29.482"></status>
</kw>
<status status="PASS" endtime="20170904 21:11:29.486" starttime="20170904 21:11:29.481"></status>
</kw>
<status status="PASS" endtime="20170904 21:11:29.486" starttime="20170904 21:11:29.159"></status>
</kw>
<kw name="Go to &quot;Team&quot; Page" library="FrontOfficeApp">
<kw name="Select &quot;Team&quot; Page" library="TopNav">
<kw name="Click Element" library="Selenium2Library">
<doc>Click element identified by `locator`.</doc>
<arguments>
<arg>${TOP_NAV_TEAM_LINK}</arg>
</arguments>
<msg timestamp="20170904 21:11:29.487" level="INFO">Clicking element 'css=#bs-example-navbar-collapse-1 &gt; ul &gt; li:nth-child(5) &gt; a'.</msg>
<status status="PASS" endtime="20170904 21:11:29.507" starttime="20170904 21:11:29.487"></status>
</kw>
<kw name="Sleep" library="BuiltIn">
<doc>Pauses the test executed for the given time.</doc>
<arguments>
<arg>3s</arg>
</arguments>
<msg timestamp="20170904 21:11:32.508" level="INFO">Slept 3 seconds</msg>
<status status="PASS" endtime="20170904 21:11:32.508" starttime="20170904 21:11:29.507"></status>
</kw>
<status status="PASS" endtime="20170904 21:11:32.508" starttime="20170904 21:11:29.487"></status>
</kw>
<kw name="Verify Page Loaded" library="Team">
<kw name="Wait Until Page Contains Element" library="Selenium2Library">
<doc>Waits until element specified with `locator` appears on current page.</doc>
<arguments>
<arg>${TEAM_HEADER_LABEL}</arg>
</arguments>
<status status="PASS" endtime="20170904 21:11:32.512" starttime="20170904 21:11:32.508"></status>
</kw>
<status status="PASS" endtime="20170904 21:11:32.512" starttime="20170904 21:11:32.508"></status>
</kw>
<status status="PASS" endtime="20170904 21:11:32.512" starttime="20170904 21:11:29.486"></status>
</kw>
<kw name="Validate &quot;Team&quot; Page" library="FrontOfficeApp">
<kw name="Validate Page Contents" library="Team">
<kw name="Get Text" library="Selenium2Library">
<doc>Returns the text value of element identified by `locator`.</doc>
<arguments>
<arg>${TEAM_HEADER_LABEL}</arg>
</arguments>
<assign>
<var>${ElementText}</var>
</assign>
<msg timestamp="20170904 21:11:32.518" level="INFO">${ElementText} = Our Amazing Team</msg>
<status status="PASS" endtime="20170904 21:11:32.518" starttime="20170904 21:11:32.513"></status>
</kw>
<kw name="Should Be Equal As Strings" library="BuiltIn">
<doc>Fails if objects are unequal after converting them to strings.</doc>
<arguments>
<arg>${ElementText}</arg>
<arg>Our Amazing Team</arg>
<arg>ignore_case=true</arg>
</arguments>
<status status="PASS" endtime="20170904 21:11:32.519" starttime="20170904 21:11:32.519"></status>
</kw>
<status status="PASS" endtime="20170904 21:11:32.519" starttime="20170904 21:11:32.513"></status>
</kw>
<status status="PASS" endtime="20170904 21:11:32.519" starttime="20170904 21:11:32.513"></status>
</kw>
<kw type="teardown" name="End Web Test" library="CommonWeb">
<kw name="Close All Browsers" library="Selenium2Library">
<doc>Closes all open browsers and resets the browser cache.</doc>
<status status="PASS" endtime="20170904 21:11:36.630" starttime="20170904 21:11:32.520"></status>
</kw>
<status status="PASS" endtime="20170904 21:11:36.630" starttime="20170904 21:11:32.520"></status>
</kw>
<doc>This is test 2</doc>
<tags>
<tag>test2</tag>
</tags>
<status status="PASS" endtime="20170904 21:11:36.631" critical="yes" starttime="20170904 21:11:27.987"></status>
</test>
<doc>Talk about what this suite of tests does</doc>
<status status="PASS" endtime="20170904 21:11:36.633" starttime="20170904 21:11:18.623"></status>
</suite>
<statistics>
<total>
<stat fail="0" pass="2">Critical Tests</stat>
<stat fail="0" pass="2">All Tests</stat>
</total>
<tag>
<stat fail="0" pass="1">test1</stat>
<stat fail="0" pass="1">test2</stat>
</tag>
<suite>
<stat fail="0" id="s1" name="Front Office" pass="2">Front Office</stat>
</suite>
</statistics>
<errors>
</errors>
</robot>
